A A C S D R A H G H I C E S F K S F C K D S G R N G V K L R A N C K K T C G L C ,1
A A E F P D F Y D S E E Q M G P H Q E A E D E K D R A D Q R V L T E E E K K E L E N L A A M D L E L Q K I A E K F S Q R ,1
A A F R G C W T K N Y S P K P C L ,1
A A G M G F F G A R ,1
A A K P M G I T C D L L S L W K V G H A A C A A H C L V L G D V G G Y C T K E G L C V C K E ,1
A A L K G C W T K S I P P K P C F G K R ,1
A A L K G C W T K S I P P K P C S G K R ,1
A A L R G C W T K S I P P K P C P G K R ,1
A A L R G C W T K S I P P K P C S G K R ,1
A A N F G P S V F T P E V H E T W Q K F L N V V V A A L G K Q Y H ,1
A A P R G G K G F F C K L F K D C ,1
A A T A K K G A K K A D A P A K P K K A T K P K S P K K A A K K A G A K K G V K R A G K K G A K K T T K A K K ,1
A C A A H C L L R G N R G G Y C N G K G ,1
A C D T A T C V T H R L A G L L S R S G G V V K N N F V P T N V G S K A F ,1
A C H A H C Q S V G R R G G Y C G N F R M T C Y C Y ,1
A C I K N G G R C V A S G G P P Y C C S N Y C L Q I A G Q S Y G V C K K H ,1
A C N F Q S C W A T C Q A Q H S I Y F R R A F C D R S Q C K C V F V R G ,1
A C Q C P D A I S G W T H T D Y Q C H G L E N K M Y R H V Y A I C M N G T Q V Y C R T E W G S S C ,1
A C Q F W S C N S S C I S R G Y R Q G Y C W G I Q Y K Y C Q C Q ,1
A C S A G ,1
A C Y C R I G A C V S G E R L T G A C G L N G R I Y R L C C R ,1
A C Y C R I P A C F A G E R R Y G T C F Y L G R V W A F C C ,1
A C Y C R I P A C I A G E R R Y G T C I Y Q G R L W A F C C ,1
A C Y C R I P A C L A G E R R Y G T C F Y L G R V W A F C C ,1
A C Y C R I P A C L A G E R R Y G T C F Y M G R V W A F C C ,1
A C Y C R I P A C L A G E R R Y G T C F Y R R R V W A F C C ,1
A D D K N P L E E A F R E A D Y E V F L E I A K N G L ,1
A D N K N P L E E C F R E T N Y E E F L E I A R ,1
A D R G W I K T L T K D C P N V I S S I C A G T I I T A C K N C A ,1
A D T L A C R Q S H G S C S F V A C R A P S V D I G T C R G G L K K C C K W ,1
A D T L A C R Q S H Q S C S F V A C R A P S V D I G T C R G G K L K C C K W A P S S ,1
A E L R C M C I K T T S G I H P K N I Q S L E V I G K G T H C N Q V E V I A T L K D G R K I C L D P D A P R I K K I V Q K K L A G D E S ,1
A E R V G A G A P V Y L ,1
A E V A P A P A A A A P A K A P K K K A A A K P K K A G P S ,1
A F K L L G R I I H H V G N F V Y G F S H V F ,1
A F P P P N V P G P R F P P P N F P G P R F P P P N F P G P R F P P P N F P G P R F P P P N F P G P P F P P P I F P G P W F P P P P P F R P P P F G P P R F P ,1
A F P P P N V P G P R F P P P N V P G P R F P P P N F P G P R F P P P N F P G P R F P P P N F P G P P F P P P I F P G P W F P P P P P F R P P P F G P P R F P ,1
A F T C H C R R S C Y S T E Y S Y G T C T V M G I N H R F C C L ,1
A G C I K N G G R C N A S A G P P Y C C S S Y C F Q I A G Q S Y G V C K N R ,1
A G D P L A D P N S Q I V R Q I M S N A A W G P P L V P E R F R G M A V G A A G G V T Q T V L Q G A A A H M P V N V P I P K V P M G P S W N G S K G ,1
A G F V L K G Y T K T S Q ,1
A G I G K I G D F I K K A I A K Y K N ,1
A G R G K Q G G K V R A K A K T R S S R A G L Q F P V G R V H R L L R K G N Y ,1
A G W G S I F K H I F K A G K F I H G A I Q A H N D ,1
A G W L R K L G K K I E R I G Q H T R D A S I Q V L G I A Q Q A A N V A A T A R ,1
A G Y L L G K I N L K A L A A L A K K I L ,1
A H C L A I G R K ,1
A H D R N P L E E Y F R E T D Y E E F L ,1
A I G S I L G A L A K G L P T L I S W I K N R ,1
A I H D I L K Y G K P S ,1
A I H R A L I C K R M E G H C E A E C L T F E A K I G G C R A E L A P F C C K N R K K H ,1
A I H R A L I C K R M E G H C E A E C L T F E V K I G G C R A E L A P F C C K N R K K H ,1
A I H R A L I C K R M E G H C E A E C L T F E V K I G G C R A E L T P Y C C K K R K K D ,1
A I H R A L I S K R M E G H C E A E C L T F E V K T G G C R A E L A P F C C K N R K K H ,1
A I K L V Q S P N G N F A A S F V L D G T K W I F K S K Y Y D S S K G Y W V G I Y E V W D R K ,1
A I L T T L A N W A R K F L ,1
A I M D T I K D T A K T V A V G L L N K L K C K I T G C ,1
A I P C G E S C V W I P C I S T V I G C S C S N K V C Y R ,1
A I S C G Q V S S A I G P C L S Y A R G Q G S A P S A G C C ,1
A I S Y G N G V Y C N K E K C W V N K A E N K Q A I T G I V I G G W A S S L A G M G H ,1
A K A W G I P P H V I P Q I V P V R I R P L C G N V ,1
A K C I K N G K G C R E D Q G P P F C C S G F C Y R Q V G W A R G Y C K N R ,1
A K E F G I P A A V A G T V L N V V E A G G W V T T I V S I ,1
A K I P I K A I K T V G K A V G K G L R A I N I A S T A N D V F N F L K P K K R K A ,1
A K I P I K A I K T V G K A V G K G L R A I N I A S T A N D V F N F L K P K K R K H ,1
A K I S G P E E T S E L P E V V S E E R V P A T A T E P M A D L R H G V T R E P I S P A S K D S L R D K F K E K L D K W F H R P N L L S K R D ,1
A K K V F K R L E K L F S K I Q N D K ,1
A K R G G F W R K V G R K L G K G I R K I G K T I K S Q L G K F R P R L Q Y R Y Q F ,1
A L F S I L R G L K K L G K M G Q A F V N C E I Y K K C ,1
A L F S I L R G L K K L G N M G Q A F V N C K I Y K K C ,1
A L G G L L A D V V K S K E Q P A ,1
A L K A A L L A I L K I V R V I K K ,1
A L K A V P A V M G M I K K E ,1
A L L D K L K S L G K V V G K V A I G V A Q H Y L N P Q ,1
A L L D K L K S L G K V V G K V A I G V A Q H Y L N P Q Q ,1
A L L D K L K S L G K V V G K V A L G V A Q H Y L N P Q Q ,1
A L L D K L K S L G K V V G K V A L G V V Q N Y L N P R Q ,1
A L L G D F F R K S K E K I G K E F K R I V Q R I K D F L R N L V P R T E S ,1
A L L H H G L N C A K G V L A ,1
A L L L A I R K R ,1
A L P K K L K Y L N L F N D G F N Y M G V V ,1
A L R L A I R K R ,1
A L S I L K G L E K L A K M G I A L T N C K A T K K C ,1
A L S I L R G L E K L A K M G I A L T N C K A T K K C ,1
A L W F T M L K K L G T M A L H A G K A A L G A A A N T I S Q G T Q ,1
A L W K D I L K N A G K A A L N E I N Q I V Q ,1
A L W K D I L K N A G K A A L N E I N Q L V N Q ,1
A L W K D I L K N V G K A A G K A V L N T V T D M V N Q ,1
A L W K D V L K K I G T V A L H A G K A A L G A V A D T I S Q ,1
A L W K N M L K G I G K L A G K A A L G A V K K L V G A E S ,1
A L W K N M L K G I G K L A G Q A A L G A V K T L V G A ,1
A L W K N M L K G I G K L A G Q A A L G A V K T L V G A E ,1
A L W K N M L K G I G K L A G Q A A L G A V K T L V G A E S ,1
A L W K T I I K G A G K M I G S L A K N L L G S Q A Q P E S ,1
A L W K T L L K K V G K V A G K A V L N A V T N M A N Q N E Q ,1
A L W K T L L K N V G K A A G K A A L N A V T D M V N Q ,1
A L W K T M L K K L G T M A L H A G K A A F G A A A D T I S Q ,1
A L W K T M L K K L G T M A L H A G K A A L G A A A D T I S Q G T Q ,1
A L W L A I R K R ,1
A L W M T L L K K V L K A A A K A L N A V L V G A N A ,1
